user_id,nikname,pwd
1,admin,21232f297a57a5a743894a0e4a801fc3
2,alicia_ruiz,e6c8242c052786c26eafe28cb4095c36
3,carlos_santos,2c22f1af4f709e7490efa6b442260c36
4,laura_mendez,8e4010a7e76aa07b42db2c2c07a4d9c8
5,javier_iglesias,dcf1aa3d35ba6762bab508351f181222
6,monica_bernal,4e8ac6372f89ce366bcb705e1f8435d5
7,andres_lozano,2c0ada1f8c649d18016a15a978d2cacf
8,patricia_velasco,2b1d383f8fa0cdea3d2fd5e9e6a8322d
9,sergio_campos,0da1e43b77fff5ea9d3f31c52a37129d
10,irene_galan,43ddf1a5ea3bdc52a0da7c99e9b875f1
11,david_molina,7f4d84e6e4cc68cec6b4b54883b081e2
12,clara_robles,4d76b3da4f020c6fb5f0bcf6c1a1fd74
13,joel_benitez,af8d2cba7fb5c1c6256aef69ed2ed943
14,noelia_blasco,62eff660410f261a8e9ef32ed07e675c
15,marco_roman,5aee77d2ffdea606a76c7cdbaff342a2
16,sara_corrales,7d83b5e9eaa6c2fbd2a96eefa73f10df
17,adrian_rey,4575815e41b9e4b8ec4d6e0b4448d09f
18,natalia_arias,9e9b240c0972e9a3f2b8d4ef0176c91a
19,ricardo_tejada,8a56b6b69abc9e8c795ffdce3420ff8f
20,lorena_paez,bc0874d99d74f4ee7317d792887ee6ad
21,alvaro_hervas,bdb94875d27e2a1d8b9566e7e0e92ce5
22,marta_arenas,ad4b7eede3f1d226f8c6d2a4f98eacfc
23,diego_rubio,9a1a33f61bdead82c51427d2c51be019
24,judith_miro,292a71d508ba3a10c11e5182905056c8
25,oscar_villena,7cfaa0c0bd18abbaf31a406f6efb4f8b
26,helena_sierra,958d4c9d905c794077a780953cfdf7f4
27,felix_moreno,63519de2fb5c9a0ad5249b9c739e8bad
28,marina_ferrero,a050feec74e36fd5e0d153132228bc1b
29,ivan_salvador,ff89639f5c7a8303e5cd782e8f3a464a
30,cristina_miralles,8e32956543d4d6acdfb5a12dd0bafcd1
31,samuel_vera,14c2b90e1091cf07bba468e579db2f06
32,eva_gordo,8db3f5fd5aafb78d5a1baa41da3ea4ec
33,daniel_mateo,981b4c7fc5e0c58761debaafb989e0e3
34,rebeca_morales,450f1bf89af66c8fb58c6714bb7a4484
35,roberto_gomis,cb1ebddce4f38ebb9ba4c6ebe97ed8c0
36,alba_garrido,d06351bb0ab1c85efa6c6373a5c7da19
37,raul_lopez,82a6f9086d3d3da867f3ce8d2f4181fe
38,ines_merino,841d2bbd8f3efaf0cc8ac83a75c6c0fe
39,borja_castro,4bd0885d50b83fa3c8f8322ce9af94d1
40,ana_moraga,2f90e8c782fc3cbb4e576a82c52d1f8e
41,manuel_rico,8d9260c2b3fc1bb0bc8eeed1a5c829af
42,pilar_santos,05e4a8cdaace4b2f91f6f7312a3bbcd3
43,alex_bermejo,d71a996a96f2ef749398a501a2f51ac3
44,celia_casas,0a2c611a6c7fe3eda6d09cf336779cda
45,marcos_naranjo,0bc4849ad3c5b43b46777dae1f21a196
46,alicia_mezquita,c9da7c87a4f7b318e44ddc89e64f2471
47,pablo_aranda,b60f6dbff2c1ac668a53c7c310a90061
48,veronica_selles,45de76dbda4f2a2f65845df8e8eb5df3
49,sergi_roca,f9f71dbb48b3291d6f4858df56d1da07
50,claudia_martos,8ccffd9d746a9a43b4a40bc4fd0117c3
51,jose_montoro,3b5d5c3712955042212316173ccf37be
52,raquel_tomas,5c768087217841c143dd2ca9e876b71b
53,esteban_cuevas,dc2594d2e2c58e445b7344a5bc9aef47
54,sonia_molina,0773f9d3a3f5ce6c29abfd6e41ed546a
55,luis_benavides,30753c7a1bbab539cc73f2dc16fc0df5
56,andrea_suarez,3c35a5ad9d1fba07f92f2189e50e54f9
57,miguel_zafra,79cd13e341fa9a316bed112fb0a225e0
58,nuria_beldad,8bd04d2d502050f9c1921a3dac8a9674
59,fran_vicioso,a2496fc772c0fb77c8f3614d00f90e1a
60,alicia_martos,329f23b7b06d03ced795882ec58c2c52
61,jairo_robledo,2b51a90fa0b08a26a3a1be2fa716a909
62,paula_clemente,dbec78241d6788f2ecf0ab1df9e10335
63,rafael_villalba,78b47f37e00dbd65e60e596a87861f87
64,nerea_acebes,90323f98cfef0c996a96f2ef749398a5
65,enrique_ballester,0e80d7b31a9e17e534a8d6fb685ba4e2
66,gemma_portillo,f23eeb9328ef0da2a6d79a9c404be90c
67,ismael_baeza,4638d48a114590fe8bb5b5c8a9e2d7be
68,julia_mediavilla,5309d8f8f80252deead5bb18b5f3ad17
69,jorge_retana,8e95cc5226b2fc90d92c1e0f1c7c3e7d
70,valeria_siso,1a915644bbd9baa142a8322d8ef6e7c0
71,mateo_barrado,11e8b9b7ca7d2f1771c66dbe3caae992
72,carmen_galiano,f5e3f5e6a830f395c8ae1f1aac9d9c5f
73,alexis_robredo,9d3972e2a416df7a2e4eac705f92d695
74,alba_camara,7ba6eb3aeef3e2e2da52d58a3b16130a
75,simon_galvez,4e8c3d8b305725f0c1f3bf08e2b04fc1
76,ines_montero,e3c8345b52a05f3b08dcdc8e90d518d4
77,gabriel_perez,fbbac90dc33666bbde1f23b7b6d9e9f2
78,beatriz_oliva,083539ae3e3cea4f58e32e41d54617ac
79,oliver_reinoso,31bba54a2d1ac29283d625ad9c2c9328
80,sara_valverde,420c6f3e16b1d77e61a5a6213b43f520
81,bieto_martos,1460703a86cfd3c57cf4a3b57f8f26c1
82,laia_sanchez,0ed3cddc0ef892f9f38731de0562586e
83,roger_lloret,54c77954138b9f4f2be5f6f907e1da73
84,mireia_borras,a7cbd5eafb0c2eb8e1f3bd8120524b68
85,pol_castells,3ce88c9f2198ed194318a6d506a5d01e
86,arlet_baque,0cfd1492121a446a8a1f7c0e8e8a0f19
87,oriol_tolosa,50d8e0b8afd0ebe6f93a81d8969ceae4
88,ainara_castro,6901b10af2d8b6bcf1e9d5bd853e0c52
89,iker_urmeneta,7f90c7391b0bd6e59f13b4a6afa0aaf2
90,jon_arribas,3b85e3cb331a7403b027ad6b034f444d
91,amaia_lasa,f9c8006a9dd540f0ba6e43807c44ad61
92,julen_sarasola,0594ed2dff1e06dd7a91f6f7312a3bbc
93,leire_otegi,079a9d3919e1c9b61896f2ef749398a5
94,ander_zugasti,8fbd7d8f17f3fc876a8b7aa3f36c36cf
95,maialen_bikuna,6fcd8aa8decb3be72c0bc5eb2ecfacac
96,markel_iribarren,1dd671cc3cf78e8b9c6203a1a996a2bb
97,arantxa_lasa,4c24c751b344dfdfe7d67233f857a6a3
98,gaizka_alberdi,4a0b2c2fe613e8f743c500c033bafcf5
99,eneritz_muru,dd4ac24f24c66339d1209e3f3e8f33fa
100,unai_aramburu,c7d5f27acace9bf85765e3e9a5321fbe
101,alvaro_sainz,5d41402abc4b2a76b9719d911017c592
102,natalia_requejo,2a0a43575bd90a5475a60f69c7f12e29
103,rodrigo_delgado,abacf434b9d342c51c6a3c69f9e4e85b
104,camila_verdugo,3f0b4e7efed51ac3aaee47cebb6a2b1d
105,hernan_salvatierra,38e72e7b3c2d598a0a499feef15c6e52
106,luciana_godoy,c8bf3e6955bdfc9b76bc7ea7c63b8799
107,tomas_aquino,6fe73a9c3a5a7bf9c17ad7e646b6d5cf
108,luz_portales,e8babe31e4ad1cd4e81b7116c0ec8e2b
109,bastian_fuentes,243f6ea8885a308d3138bb1ac5d181a9
110,xiomara_lagos,63d73573992fc0cf3a5b3f3c2e3f88df
111,ignacio_pardo,4ffb3d8c4f74a76c3f2b8d4ef0176c91
112,mireia_vidal,03d6e93a7e48d6c00c7a2b398a422a2f
113,sergi_miret,eac8f29176af658bb5a7d9fd5b109ad9
114,adela_juarez,ab638ed3f2cdd49b6f09a9dfdde3c0ae
115,joan_fons,c480b7bb3fa6c0d99b86f2ef749398a5
116,clara_viana,0c8cd2fdb59a75d27e2a1d8b9566e7e0
117,tomas_verger,809780c8421aafdf5e9b9d29e5d7f7ab
118,lidia_rosa,fa204fe0cb2a29a51f8c24f296b9c808
119,jan_rius,00121c22f30082c0f98f2b2dd8f04fbf
120,daria_sole,adc3a0faa6e753d369a1a1b6d90c9d95
121,bruno_mila,bd28a741b93d7c5edc6cbbf0f2f076d4
122,marta_ull,5fa9d3ccda3e0f5a4e1d1307c5f6da1c
123,guillem_pons,ea90947c88cdb03b6b8ce0a58a945172
124,carla_batet,e498e8e5ff58f1a3207e644f2d4dac19
125,nestor_ventosa,5e928ab1a9b35bb3a92d7b4b4c11b35d
126,miren_zornoza,7cf2dfdcd9cbae78e3ec5f1e954d1e01
127,hanne_kristensen,0f5c6e0ebb5a98e5eff1ea79ec3d9afb
128,marcus_lundgren,aca312f02d293b5f0f3d844613d9d78e
129,erik_sjoberg,2fb7032bdfd3faf59e214b8e2f6a8e3f
130,lars_andersen,e930e57a4b5f3ebd880b8f3df254e8b2
131,elin_forsberg,4cf51432a01e3e5f923f8a19e67a4f29
132,nina_karlsson,3f7ec84859cc49f21d2d47a1aebba4a1
133,aki_sato,65fa7bb4fb18d2e8aa5c6d09e52a8cbf
134,haru_tanaka,28c5f94f8c819f984d3fcd7e6f1f7be9
135,mei_watanabe,15ee178e1f9c2b2f062eeb8000aefddf
136,yuri_nakamura,8f889e6f2c795f2c4f99e66f62881c0c
137,ran_oshima,1a95dbc0f2e9e8a18bfc69cda5b7fcd3
138,li_zhang,402adc9f2ea2d1b2fb9e787450e3937a
139,wei_liu,0a3bbfcdc3cc3da1a324f1e2265ac3a2
140,mei_huang,6fb8fbb3accc45c79d0cf99c104f5a0b
141,hao_lin,fb795d71e8237f0e3c695e465a5d194a
142,chen_fang,5a8b14e7b0f0cd6f2bc69e4fdd4c1a23
143,olga_ivanova,2126485b7db91f60e3d9c027e5cd7701
144,sergei_petrov,bd2af2c379211cfae0bff5366c1fb496
145,anna_smirnova,99f0ad6df1be9c39e3cb6f8a34d9d6e2
146,nikolai_kuznetsov,2cb787d1c7aa6c9d75f1a3d53a29bbd9
147,tatiana_fedorova,d4a09b3b47e3aa5e22e0bb7f87b81943
148,piotr_nowak,1f2bcbaac0895ccae9042cedbe8d1e75
149,magda_kowalska,8bc9448fdddbf0f58e479c21f1b7fab0
150,jacek_zielinski,a9fbc59e8d87fde482b260197932e57e
151,luca_moretti,2d38183e8544e3bceb53ad2a7150ab05
152,mario_gobbi,bd6f31b40863b4f4aede5b9e5dd1c0f2
153,andrea_biaggi,a61d52da20426dd7a6d4ff2b8f0c24ba
154,silvia_conti,4926f3a1cac9b4f6a79ebd6879e4f29c
155,roberto_carlucci,02a83590bc7d73e9b4fbe2843c9f655c
156,chiara_ferri,ea17cecacae3a2cc312380865a9cd7fd
157,giulia_lombardi,9d13da3c820fe9b5f60b2a7a02cb3e48
158,marco_sala,ee32b4cabeedf27bb43eb0fcab0a51e2
159,carlo_galli,6a841e5a0b6633c7743968e378b92602
160,arianna_grassi,a8c8937816d42a2f75b7b27a2c0193f5
161,henrik_nielsen,69875fbc6c70b0e8c5a3d2df9cf78cfc
162,morten_larsen,b8e9e22ac9b1c7debb2e44ab1fd8453e
163,kasper_moeller,0c1e7c4eafcce74d3a4418a77fbc02c5
164,soren_pedersen,4e1f73c2a59db6afcf0e0c96a42a0ae9
165,emil_hansen,8fdfbb9a1b7de2cc69c003bd2c5d23f6
166,frederik_krogh,2d1a393d0cb3b7f39854c4d5beed3ebe
167,mathias_hoj,64e4eab3812a9d2ee3617c68dd56e474
168,thomas_dahl,ba5636c3ceb881165a9b267947d21f4c
169,felix_weber,bc99308d47e6c2a7f21f77f5eb4c1f3d
170,johanna_schmidt,81b8bb96e5c2df23f4a4c4ae9491e0f7
171,marie_fischer,a69267a853f7a6ce83cbf424d1e86fe6
172,lena_hoffmann,1d38ef267c66f6ca31bc1a257a7b82d2
173,paul_keller,a319cd9089c87a5af2d1c52729aaa8a5
174,lukas_schroder,2fdbaa806b4e1ae3a83abbbf209c7b64
175,greta_vogel,157aa8d46a1ad4781cdcc0616e72b316
176,ben_freitag,f0d1933a7d397ede56eb3f38c11b1e68
177,timo_langer,2ad44c1aa2a5011c6e8b48f48e8d02e1
178,mathias_graf,1ef93fa6c44fc38428e0f4dc396f7d2a
179,fabian_mayer,25fa43da90d7d65215a5bbf5db55487f
180,alina_sauer,6f41df0e52d4ff461fe1a9b7c1e24847
181,peter_novak,4ffcaa6f34625f1ffd7cf737d0bf8c1a
182,karolina_hruba,0af980d37cd4a7a8b1d7619eb107b3ca
183,marek_simek,bbd923e7a5cf92e68e45c824af575b42
184,jana_pokorna,7cb51df8be8351bbcc2ce512f4738f91
185,lucie_kralova,a3acffde8d9c6aa377d23c8228731f95
186,ondra_kucera,4e7fde9b32c8b80b9ac167f27c41cab7
187,tomas_hanak,ed211fa0bbfabb67f0efcfae1fdc0953
188,ivana_dvorak,32a966f443c1a3b2e622ee621f1158e8
189,filip_polak,53a307a6297e786396929c48f7f3d8ef
190,veronika_ruzicka,87d380aa9b87de8dbf5d9bead5c100fa
191,kamil_jelinek,25bd7036a08c7635ed4bbbc3fd924adb
192,sofia_dimitrova,8fb1bb27e2e7443f9b226aa8d70ba8b8
193,nikol_ivanov,80ef929414b832f5beca8cc5b32d1e78
194,petar_georgiev,3dc9c68eec6f21cd9ffdc4af667a6603
195,ivaylo_todorov,ab8fefb4ee25af83df7bf9f3893fdf62
196,daria_petrova,6684f07bb73f19f1e327d4ef0df801df
197,vasil_kostov,e2185672ee4ec7b0a4058c3105edb3d2
198,miroslav_markov,509f2b6672afdcd0eb6a7be3d6739a9f
199,anna_pavlova,4d32380c16710d0a1d116485a659cc8c
200,georgi_popov,8c3e74ccf6d10eb5b1bd51ddcc7f5d24
201,jamal_hassan,ef4e95485ddbd7e3cbb1b379db1bb344
202,amira_khalil,521f9cd798af76b3b16a3f2dfb5a412f
203,farid_nasr,6629e700a0f550534dc56b0f2e0df367
204,nadia_samir,cbf901e331bc1b2a9e4f0ded0186e97b
205,hassan_mahir,b4aa81fe24b3a39c9b9e36af118f8cf7
206,samir_kazim,fb215e4c8bf9d30bc6f7e6bd2c4e05c1
207,amira_darwish,e2f4f38afcb0b52fa0b1590a5d5a35a1
208,mustafa_hafez,bd1ef69c76ad8ff2af6adbdee587dd3b
209,noor_sharif,6ab8ea191d1603f3a0b28673c207f199
210,layla_habibi,1b9972be0f9ac8cd0476596d1da316d4
211,fatima_rahimi,df8d6b03c2ef62e8b90ba0082bec34fc
212,amir_khan,ccf677aae3f549ac3bf5b39fb1bc0ab8
213,rahul_sharma,71844c48dc19e437b401e33ad0396b99
214,arjun_verma,fb09dd1bb114f295613f3a5c7d33bae3
215,priya_kapoor,cc8d9efed5bb2d5379f5898051316291
216,manish_gupta,37d4e1d7cfa0f45b37f1dc2c4ed5edb8
217,anita_iyer,9c3a085ae0e8a0f9c73abdd7c5f7c8dd
218,kavita_patel,a18ec7d22e3efc2fc34c38f1c8e77d6a
219,dev_mehta,879b51e86ac3d9a9e4d1b3e0ad3ed60e
220,krishna_das,28fbcfcb296792d3b8f6703712a6f10f
221,liam_murphy,7b445138118f5a4b7e569f7e4bf4c97f
222,saoirse_byrne,6680f8cf16ed9c54ecd51cc036dec50a
223,aidan_reilly,211fa916d6a1c50bf3c03fdc1f52c19c
224,niamh_ogrady,4be4237e396c17ae2e8f6adf1e0ed3fa
225,conor_walsh,2e1d3f27cd55a6a56e36464b4f1dc93b
226,eimear_daly,5f973f39d5d3bbff4667166b2c23ad6e
227,ronan_mcauley,ced0b33e45f926c7d8df6eca2ab0818d
228,aoife_lawlor,ef68acfd88e947ba3cc8fdb4f38bdb13
229,fiona_gallagher,0987cb8f4d6e7830a5bd93483f60582f
230,sean_duffy,0bdab259e2e2da32a40d4e0a6e664083
231,john_smith,62cdb802439bd8d3ff9cb2eb3c5b0f72
232,michael_brown,5ad1c772316bed112fb07d3e9e1c21e4
233,sarah_jones,b54e21a1eb6db51c0df30ef2eca1f1db
234,robert_wilson,81739f16f0c908f6f78f686efcb1dd7f
235,emily_miller,3db7bb2eb436a3d79042f2f1c76efb23
236,william_taylor,27b3c1c8932fef6cd32a1bea3b0b5fd2
237,olivia_clark,57a1b18adf6a6dc3b9b4e1e2b319aa43
238,henry_moore,4f32b39ac3fff127791ed47a7a7c6082
239,amelia_thomas,ce409b3d88e36eb8dd2c5a2f50edc599
240,daniel_jackson,1873df4ba9b29c353abc2efc2c5fdc90
241,ella_white,1af38a8d77f2d4c1eb2e4f0c2c5fc81f
242,riley_harris,84cd37a827e37639bcab07869f4f5c37
243,ava_martin,9096b671c2bd77983bd8681ebbf69c2d
244,logan_thompson,3cf68c50f9aeaf1f676395e93b1bd2a5
245,zoe_garcia,6fe1b9fd8d7e4dc82c4d61b6e19a7481
246,jack_martinez,9a8cfc2edcbb3a0c98c6b4a7e21d5e45
247,lucas_robinson,7eb3df827c5ce0fbec7fa38c229e41c7
248,grace_clarkson,fab4237bbd9a0e63cebc4d770c431bf1
249,leo_hall,a0d73eb7bd873ff1e50b61b8cece8489
250,hazel_allen,ca93bc8e58a50e3a79c2f6701cdaaa72
251,owen_wright,581f79b900c50e5cbbe7c12e9dc135c2
252,maya_lopez,0efdb11162e8b7a4c6bc77a1c1be23d1
253,ethan_hill,a9c8e97c1e5cb531e8b548e813bd643e
254,ivy_scott,54382fdc827eef873c4a45fcb7b2ca6d
255,nathan_green,52cb3cfa8d0d61ea5c35db9a385f3d92
256,stella_adams,4c3a2750dbb825c8bbab2577c46a491d
257,adam_baker,bf2c0c56f7dd423f209e66c3bdcbf2ee
258,aria_nelson,9f2dc0fa388c46c83abc25f2a6794436
259,hunter_carter,6c32f1f2782d83706c676a65fb8d9345
260,lola_mitchell,7cb0fcbf62b4c1c2e4d2f99ba3e45fb2
261,joseph_perez,065b4a3c01f5231a7fadc77d77a9e81a
262,sofia_rodriguez,2d5dbe5ec8c8b2f632d13a8dfdde9c58
263,juan_gomez,a23f9dcd885bd24c42db1e0be7a92b94
264,camila_silva,e530c0a69930c8d41b9e27496d7a55ea
265,pedro_ramos,f0973d1a351361c2419f25a589316a0b
266,valeria_crespo,a83a8d3fcafbdb837b8bfcd83a5b1d6d
267,diego_carvalho,6ad6bf0dcb9866aa8e1fb0f55965c350
268,marina_santos,04bcf309fa038b4de503d7b57034c8f6
269,thiago_oliveira,508bbfcb7f7ca8d348aa212bb7d2647c
270,rafaela_paz,9cd68b273c1616081bbc8bc2dcfb30b6
271,enzo_souza,bfd449c4c2d3b7c81932a67fbf9d32d8
272,sofia_ferreira,47bd5dbf3e8f42b7fc3d3f6b00e1a2d2
273,lucas_araujo,69fa3b2c4e1d8b22dc11b5a34f4e7844
274,catarina_gomes,7a8825314d0b22c1a4ecf23883228c5c
275,igor_santos,8166fcbfa2c7b92fe7cdf8d23fbbeeb5
276,roberta_borges,c673e3b7b0da08a7e2b4dcbb88da3d34
277,bruno_teixeira,9042adde8d7340c7579b5fd569a0f40f
278,paloma_medeiros,7bdfa8c77c27b7794b12dddec5a48c21
279,rafael_silveira,583dd0aa3d4c8212e852db496ac55f49
280,gabriela_lima,2d93f59f8b7c87f3182b0a46025199c3
281,arthur_barbosa,6cb92aa9e793afe44b7c2d468df0ee06
282,livia_alves,0e8bbcecc02aa4a8e9f673d7c66f9e4e
283,benicio_pires,5873bcac7cd28f89fb1d7cfbf9e05430
284,clara_machado,998b83fb78c12c474c57a9a3f4b3e4dd
285,gael_dias,4d3efbdafabcb7d738d07f0f6e5bb1d2
286,lara_freitas,0bb6e4dbb88a67df3edbede566e8f3e7
287,matias_monteiro,cdbf1ba624c83115cb12d7b3ebf7e532
288,vitoria_castro,fd23ba324bbcd34a1782fdb8e4b9a9ea
289,emanuel_peixoto,0a81f9c91323dd86bb9e300ca714d9ff
290,nicole_farias,f4bcd4d6c5d77bd5c5401f7c1bc4bf2e
291,kael_esteves,dc3dcfbcd1ae43f19dde08f990f5a768
292,antonela_melo,2d703f46eae3acfe4ad9d1f78186bbaa
293,mariano_bravo,bbdcd34f7116f1c99411bdb9e2f11dcf
294,valentina_montes,2613ffbddb12a9e718aafc9f43ddcb50
295,santino_giraldi,6b8d6c1dd5aa71c1bd522b467939d54a
296,renata_suarez,cb1712ed6af90e7252453bf1ecfd4cff
297,facundo_rivas,65da8783d91b41b7cae5c5c6c2fcdbb1
298,julieta_castillo,79a4ff3e5b8bba75d060edea050cde3f
299,benjamin_acosta,5b36258a5c5a89bf88ad6b7ad8b71d25
300,azucena_vergara,fcf3db117d295cbddccaae113d33f820
301,salvatore_ricci,8ff2b44cfda8f239ba972bb3815014a7
302,giovanni_ferri,e9224657b6f551d95f7c623e5d19d728
303,francesca_romano,ed001fd9ebf94ef7e12a2b991b0b0f9a
304,giulia_conti,70597c4d777f4e3e7bd35a3b7f77a3a4
305,luca_guerra,0f1e4359c084ce9fe2e7f2e9be153d2f
306,andrea_serra,5dd58bd27c0fa5f5ad88143ceabde98b
307,chiara_mazzi,81ac2c4df4a6ab9e82fd3b8d5d89df64
308,niccolo_rossi,58a564e08a6fcb8da4bd401cfb5a7de8
309,matteo_greco,fec9039d1981960ad7a55a4ebaa28319
310,alessio_bruni,c4d3c9db153b28c98302bb183c2ddbb2
311,rosa_deangelis,0e14d5dd3d58a7620c2417ea56336ef3
312,marco_roncalli,b3f3e2fe21f9ad5d7c00b44dc2a8b34e
313,alessandra_esposito,9fc8581024c42affdaeefa5b1ce35429
314,stefano_rizzi,71f9dcd673bb36424f2d6c1f9f137b7d
315,dario_bianchi,5bb6c4c421f2cbbd44cfc214e811b12f
316,ilaria_pieri,afc39f7b825500d7c442dc3f7c5446da
317,fabio_barone,a11023f1f65e6e81db41d49e8bffa55e
318,letizia_morelli,1e9fcc2bba738204fbebcbb10c3db1db
319,pasquale_santoro,be098897bdde3fd0a54e0330f69bfe0a
320,carolina_mazza,a3bf7cf5a010dcdd5849d2316e2ed685
321,santiago_rivera,0eb46d41f3bdd8e7a7e5eb0dcafeba4c
322,lucia_avila,903cbef48729d02895cad32cdb9e309e
323,adrian_suarez,d60f44e4d5ee6b7ad2d403f43a623d8f
324,milagros_bernardi,a8f2918f912e08f4c371443f46717039
325,tobias_sosa,fb49fd392f0c1b5c603e50a1f0d9af02
326,alvaro_espinosa,d765cddadf9ba8cb5f3dc67a1a76a6ba
327,serena_arias,27adb851ac315d93e7e43cd82937f0a2
328,julio_barreiro,cbf93de1bf1fb45de3d76f5fdbddaa67
329,ernesto_orozco,a99269545f4cbdb773e6f1f3d8efb524
330,gala_martinez,8ea82cdfd5d35fe8c57afd993ebdd2c9
331,rocio_sanchez,52cc26c72ead8e7bbfaded7bcb388082
332,daniel_coronado,059a7f3cd2a3b3ab1c8018aafcdcb703
333,isaac_ortega,8ad187e1a25fa99e60e05af81a173b14
334,marina_morales,4e84cdbd70818f54df1d2dbac85af2c3
335,alberto_bonilla,0c37741beace0eb19e6ca747fd86f08d
336,andres_pineda,7b04dffd92449e912b87cda63501ee0f
337,clara_rivas,281915d613cc7c7f8f1826c5e1d8b1fa
338,teresa_ignacio,5d7b31e3c2b58bd12cdbf6f763af36cc
339,raul_hernandez,019df6c8dd05310e45f7bd7ea72c1f71
340,nestor_barajas,099d67b63fbb4d8b64d1f8bf1ca915cc
341,esther_gallardo,20ceeeebd2d9e282019b9653a7fff6fd
342,manuela_meneses,f3d4db912e8abd84150bd8d4cbf2a858
343,jairo_becerra,56b11f72a0a6e1d6a7cc7e1424b8e2f4
344,pedro_quintero,aa7f31168120362ed256ba5c8959b8d3
345,roy_ruvalcaba,61bd8e60b3dfbb70a8ce5dcd7b37ff38
346,soledad_montoya,bbbc4f60efd8acd9cd89f6753d02bbae
347,jazmin_rubio,e0c54ea6d52a879474497e7e758f97d7
348,fernando_prado,f7fae888eb9ad4e2ffab96c6ac4667c7
349,lucia_delgado,4a8ccc477ea5b19c0c0de09639f0de25
350,gerson_morales,531948de3217934c77f0797dcf367927
351,fabiola_solis,cd10c39a73dbd10f851a295cab6b9f9a
352,aldo_salinas,ed3f1b117dcb0b6a0a58bc287f092d58
353,melina_acevedo,16ac8f7b88067b2c52f8a93f4e2ce1d7
354,brenda_murillo,9f24ac41e1726910e674098b0a39b0a3
355,ramiro_tellez,211b8832c1ac67d38c9ac0a2dd923d4f
356,yolanda_guzman,4dcac6fa0dc9e1232b6df37e9fbc18d4
357,jesus_zapata,67c0b7db5623f1cdd192d08bc756964e
358,ximena_moreno,f07b79a41aaabd6ca2e2f40e2bc250d5
359,abril_robledo,fcb72d2c4c7b7ed4783b70b1ecd54e42
360,braulio_santana,682c3bf5d8153cfad490f9a6e803dbe1
361,gabriela_reyna,9f62075139b98d20fdd0f030fed8f590
362,patricio_lugo,9e4f64007d0d48932912b04055ca0565
363,melissa_loera,1a9cff42e5c978d79ac9b727ad3ae7b7
364,salvador_estrada,ac459b23e45d2741812b4cbdcd407865
365,flor_santillan,362bb3c55a5db71b3183c2d9c2e35e7d
366,elena_chavez,f0254596a9d7d5f13f792983df8bd57a
367,cesar_mendieta,fa819a52d2ca8da91594d4b315c6fb01
368,liliana_betancourt,fb1559132ee56b38b0a40a6f9585fec2
369,adrian_bolivar,139c747a5f07fb7b0e675985d8dfe8e5
370,fanny_huerta,b2a1ec40dd7123f35f0dd49864d7028e
371,ricardo_vega,4c949b47e1bfb406aacd9f28acc266f0
372,elisa_pineda,163daa02a1d5d7f2e1855e5a048a742b
373,jaime_barrientos,ba07c4ed291f354bdeb67a9b7d841935
374,mireya_llamas,08e6884a8f8fe7c2a4ff9d6072c7a2ce
375,daniel_paniagua,e38f226d9edb5548b61a18b0a2363806
376,brisa_delmar,231749f7365420876a1c2bf61b8e8be2
377,julio_segovia,8f3d94d3b6fc5088e4d2245d9eb1002e
378,araceli_montez,ad3ea1e6856decb67897c90209d1e405
379,hector_aceves,f7ca2b28cf86b43e3c3aa98e339a6e0d
380,marisol_flores,50d4ba90a496d397e4b6308c6850e403
381,darwin_moreno,27b08264260b9346c2ad4a5a8eddfc33
382,luna_becerril,3c89b3d4d1db53804b3e6f0d47dc4f36
383,uriel_sarabia,3eb69397f2b3b0d6ceaa1bc88e5fd490
384,paola_valencia,e7e3fc685a0dbc3c82820f8c49fa3647
385,esteban_varela,b18c6ed30bd15f6a6a1ceacb9f78e7b2
386,marcela_rojas,2dd74082ceb0e046d8f6db0e4896a1dd
387,alvaro_oyarce,8c8dddfaf1fd5e3c5fa063899f13d775
388,susana_campos,70ffd3922af1ec58d78eecf3ee6e03ab
389,lautaro_sanchez,1a96f38ff6bd8889500383c2dd52a854
390,cristian_carrizo,f3e10af917da8e5b7b03ad2b0fbe0f6d
391,pamela_figueroa,a6c9e3dc19eca8bd79da3a7bb2772d35
392,alexis_vergara,4d1ed2f10c2ac5b3e195c8563f0095f5
393,yanina_cortez,fc772b56d6eeb7a163a1979de778e3db
394,rodrigo_fonseca,d8db4681c6812b3650aaf4bfa2406e1b
395,javiera_riveros,3900d83172f5cb74ebcf08abfdbf6638
396,cristobal_vidal,4b61991c78fb9d46a04bfafb2e6cff09
397,macarena_fuenzalida,fe7750eb1af653a5d50cdbbef9b64291
398,matias_munoz,fa78bb8dd3e9f388ab77c3d8f2631b74
399,maite_escalante,903a64df9265aafe13c5c62f3b5a0437
400,benjamin_toro,4a0fac47c22f3d733b4c76e386cb989d
401,diego_mendoza,cf93b99c5f4633542cbdb89360dfd4c0
402,ximena_godoy,084cdd21b9e728c89e4c0acf9e915e46
403,victor_cadiz,b99a4358ad1a682e47ada7d0ce463463
404,camila_olarte,27e42f5212c8d0c168c9e49940c1c28a
405,sebas_arenas,3cf28cc5b0ff84ece18cf2b60d3db235
406,damian_malaver,393fa0a25cd2b3051aba32755ac559e0
407,amelia_morales,5e4aacf522c0b489a9aa750df372a744
408,fabian_escalona,a999cf3ce50889b9e836ecdde92ce381
409,cecilia_alonso,11b6062806facefb0a291147a9f734e3
410,jorge_ruiz,8a0ecfbcb4d2d7dc6cb1e70a3d45f7a6
411,antonio_sierra,f074ee1d7e64b81cade923ca2aa8f38f
412,marina_olmedo,83bfc126e3872a30fa2f78c0b2a35941
413,alberto_carrion,cae8c861b55d87af3186bc3750a6390d
414,veronica_lucena,2ab0857eb7d683b3aab2605c41733fe3
415,mario_sampedro,bc1b90b2af3726119bad5270c2e37871
416,elisa_martos,c41477b3b2f07a1e08e3b71ff35c3953
417,alejandro_parra,e33ea71bfd1eb0142c17f7d1e4180e20
418,laura_castillo,b39ddbc90e629addcf0af9afc2c80139
419,manuel_montero,8dc67e266cf32c405dccf1bcb25eda96
420,clara_soler,a1a60f0ccaeaf522bca1d7d6873fa7b3
421,ines_ferrero,59851ed245032e0cd8477228bf97088f
422,gonzalo_marques,0ccbdbd8dc96f3668c65a4f24bbb2f33
423,teresa_pascual,a3ed3169f493b70525cd2fa2418cc209
424,rafael_rey,11feeb86c55ee3f2b1bfe98ae3ddbbcd
425,marisa_aguilar,52ee6afba0a2fccf478f3fa34b13faa8
426,daniel_hita,7f1ab4cb2ee3c5c06babb0d6b9b15d52
427,rebeca_iglesias,f41afcd8b26c36d01230b7c5f7662c98
428,mariano_roldan,ab37d6ce2594c49bf1a972f5e5bd79f9
429,carmen_martinez,7ef561fb3cffa5207f50b6180e91dad6
430,ramon_de_la_fuente,cb73f62d99ca94edddc793ccbbe460ed
431,adela_benito,480c8f093e62644e8e3e5e9c73ba28b7
432,carlos_morales,649ba6e8e4f537b6d8d01a51a0dffc49
433,julia_rubio,be5ec50dbf09b9f153d3a7b44db8fd5d
434,hugo_robles,77cd3b7d6d287b8feda359617a6a4b9b
435,maria_campos,a3f9908b3ebaf5649f08b0fda6bb9f71
436,cristian_gallego,f33b1e9db78f8c2f9ad848ca24d5cbb0
437,lucia_esteban,7ef227e2b894eea0d5e81c88492000c9
438,oscar_santillana,bc1e1e6d6d73ed470fa0938f2a40f4f8
439,rosa_marin,3ffad86f680d009a33c1fa9ef925371a
440,jaime_castro,c07b904c307166bb50a1b3687bdd3c72
441,sofia_vera,819ee59edaffc8d8ff4cf7dc46b2d935
442,jose_benito,ba406039824fbb2ae21eaa9e65470957
443,dolores_alba,fd392d0570df26d7aaad1c3a5efe6e3f
444,ana_sierra,b110754abf1cf885199db4545a3b52ae
445,javier_ortiz,9be452f91b7d5f7f7887c74d6b61b5d4
446,mercedes_tejada,af7f1b5a7f4b18f53ce58c98a46cddf2
447,raul_recio,fc092908e724dbacfbb3b34e5e6d5ef6
448,lidia_arenas,0115a297724b40efd88407a9c5b7b8e0
449,ricardo_suarez,ac88f83db67c67375053a9156d0fddb1
450,natalia_bravo,e1a1c0b94eaf78a8635dff37b4a7ee84
451,gabriel_lozano,6fdd150d8b77c8aa50cf1c64e3070776
452,maite_villar,b1e94f60d64beae33c992d3213857de7
453,felipe_garcia,12de71b3b5d238ca9cd7c9cce4eead2c
454,coral_santana,2b3b6f353103c2359793a9245a8e7845
455,diego_camara,dc1d2cad7dec37f1f978dbb33f78a1fc
456,raquel_santos,803ddccceffc06848fe3dea69a269b9c
457,andrea_belmonte,3fc6befc12b6567b4b59a89c39d302be
458,jonathan_marin,53aa1c06566ba437f3fb219ac9bb922d
459,ines_cantero,f774c2f7eb495bc484dff55bd89edd2d
460,alejandro_oliva,917bd0d5c4dd6b9f5f83fc043cce40b1
461,elena_garrido,93a707c42f7d24b6a85d75a2e3551286
462,cristina_monteagudo,6a90aa7bc34c952d1ac1d65aaf161a76
463,nestor_lucas,03f8bb1292e3e7aaf7d2fd6d9f2913a8
464,paula_aguirre,f650f50e23bd7cfa7b33d12ce36b9999
465,daniel_ruano,aaf53a38e53486968a8b97e938b6cbdd
466,sofia_linares,8e4317c3de8486018fe2a798acf6d426
467,hugo_morata,32ec6f2cf45505f2e012dfc057b44b52
468,laura_acebes,4fe8fb9c1c20dfdb59cba0169aa4fdf8
469,mario_guzman,1650d43d35ea88e3e40b1d98bfdba6ad
470,marta_solana,a0e5b66457c45a8c2ed2ab4ddb88f9c9
471,jorge_rodrigo,3bfffcd2772d5d0aa8f8e2437bd83ce8
472,claudia_campos,197c52dbfde7a143238cffeefdb58a40
473,sergio_leon,a6f8ddf95d881e0c51454e3e96d5af63
474,arancha_mateo,993441094bc1df0cb1baba9e8a1fdce3
475,adrian_zamora,bc705fba03f1c3a7fc9fd7e2dc84aec4
476,sonia_varela,3f4c83fd745d11a0ae695220859fe7f1
477,rodrigo_navarro,608bbf36d3f091856aeaae90bbf371bb
478,alicia_robledo,2b72d5f2597b8f0da2a6384ad0b681d1
479,carlos_hurtado,39ca932646acb2a3465e325a3dfe314c
480,nerea_sainz,fd0637438537a29facc934dcd984c419
481,ivan_portillo,a72d0deb96201499ba9b31e44e579e14
482,elisa_donaire,0ce3272b3cf32e68f6fbf7378810e6bb
483,sergio_felipe,4ace97efaa712a1dedfeff2f7ec1a4d7
484,maria_reina,3c7fbfd4f567f75519f90e2a8cd74174
485,jorge_anton,f93ae109863eec758a3c99c936420f0e
486,paloma_eslava,60fbfc3e4afe35fa7fbc7d0981c6ab52
487,raul_alarcon,f0bbb6b66fdf02a2e1f6ec06b775ff16
488,marta_fraile,b9a99ddcfe0ac9ccb5c52613dc9957cd
489,enrique_morales,2ab1fe3e0f4ddbe810cdcedd6fc71d85
490,adriana_hidalgo,573c913c97a7a3328655eab15e3f21dc
491,alvaro_soria,5be94bcf4f4649b7cabbbcb4683a302f
492,julia_montoro,59998cb3e814251299c92c4fb243881c
493,victor_selles,e1d261f5d10694d1f1618f7e09c99a6f
494,carmen_castells,143a45465fa08e2878fa41c8e4907e84
495,sara_benitez,7db6cbbf408b901998281a6be5e5ded2
496,gerard_marcos,a4b941f655be2f040b6cbfbc7daa40dc
497,natalia_blasco,4327c512f1e052a69f0c57d99bbfe2e2
498,andres_sarabia,36cfc01c6d2a1f8927be7b9c143e6505
499,pedro_acevedo,71f4bfb1f4c01e0cf2736e4395005c24
500,ana_galvez,6d34b15d3f73dfab8f35cf4fb34482ad
